{
  "resolved": [
    {
      "name": "cmake",
      "version": "4.0.1+st.3",
      "platform": "darwin",
      "selected_by": [
        {
          "name": "cmake",
          "version": "4.0.1+st.3"
        }
      ]
    },
    {
      "name": "cmake",
      "version": "4.0.1+st.3",
      "platform": "x86_64-linux",
      "selected_by": [
        {
          "name": "cmake",
          "version": "4.0.1+st.3"
        }
      ]
    },
    {
      "name": "cmake",
      "version": "4.0.1+st.3",
      "platform": "x86_64-windows",
      "selected_by": [
        {
          "name": "cmake",
          "version": "4.0.1+st.3"
        }
      ]
    },
    {
      "name": "gnu-tools-for-stm32",
      "version": "13.3.1+st.9",
      "platform": "darwin",
      "selected_by": [
        {
          "name": "gnu-tools-for-stm32",
          "version": "13.3.1+st.9"
        }
      ]
    },
    {
      "name": "gnu-tools-for-stm32",
      "version": "13.3.1+st.9",
      "platform": "x86_64-linux",
      "selected_by": [
        {
          "name": "gnu-tools-for-stm32",
          "version": "13.3.1+st.9"
        }
      ]
    },
    {
      "name": "gnu-tools-for-stm32",
      "version": "13.3.1+st.9",
      "platform": "x86_64-windows",
      "selected_by": [
        {
          "name": "gnu-tools-for-stm32",
          "version": "13.3.1+st.9"
        }
      ]
    },
    {
      "name": "gnu-tools-for-stm32-13_3_1-description",
      "version": "1.0.1+st.1",
      "platform": "all",
      "selected_by": [
        {
          "name": "gnu-tools-for-stm32-13_3_1-description",
          "version": ">=0.0.1"
        }
      ]
    },
    {
      "name": "ninja",
      "version": "1.13.1+st.1",
      "platform": "darwin",
      "selected_by": [
        {
          "name": "ninja",
          "version": "1.13.1+st.1"
        }
      ]
    },
    {
      "name": "ninja",
      "version": "1.13.1+st.1",
      "platform": "x86_64-linux",
      "selected_by": [
        {
          "name": "ninja",
          "version": "1.13.1+st.1"
        }
      ]
    },
    {
      "name": "ninja",
      "version": "1.13.1+st.1",
      "platform": "x86_64-windows",
      "selected_by": [
        {
          "name": "ninja",
          "version": "1.13.1+st.1"
        }
      ]
    },
    {
      "name": "st-arm-clangd",
      "version": "19.1.2+st.3",
      "platform": "darwin",
      "selected_by": [
        {
          "name": "st-arm-clangd",
          "version": "^19.1.2+st.3"
        }
      ]
    },
    {
      "name": "st-arm-clangd",
      "version": "19.1.2+st.3",
      "platform": "x86_64-linux",
      "selected_by": [
        {
          "name": "st-arm-clangd",
          "version": "^19.1.2+st.3"
        }
      ]
    },
    {
      "name": "st-arm-clangd",
      "version": "19.1.2+st.3",
      "platform": "x86_64-windows",
      "selected_by": [
        {
          "name": "st-arm-clangd",
          "version": "^19.1.2+st.3"
        }
      ]
    }
  ]
}
